marital,balance,duration
0,1787,79
0,4789,220
1,1350,185
0,1476,199
0,0,226
1,747,141
0,307,341
0,147,1511 10
0,221,57
0,-88,313
0,9374,273
0,264,113
0,1109,328
1,502,261
0,360,89
0,194,189
0,4073,239
1,2317,114
1,-221,250
0,132,148
1,106,109
0,93,125
0,543,169
0,5883,182
0,627,247
0,696,119
0,784,149
0,105,74
0,171,81
0,42,40
1,2536,958
0,1235,354
0,2089,132
0,3935,765
1,363,16
1,11971,609
1,553,106
0,1117,365
0,396,205
1,2204,11
1,872,105
0,145,59
0,0,425
1,-849,204
0,4629,181
1,228,1740
1,50,98
0,1539,441
0,2231,272
0,3064,159
0,82,140
1,2155,295
1,101,314
0,-516,554
0,415,323
0,5887,227
0,1355,134
0,16873,223
0,338,155
0,444,130
0,0,630
1,360,164
0,0,268
1,6248,154
0,412,154
0,344,221
1,591,87
0,219,204
0,5,63
1,177,150
0,657,398
0,1315,224
0,1466,406
1,879,60
1,293,521
0,424,279
0,1831,203
0,111,201
0,455,372
1,-195,391
1,3616,165
0,14093,231
1,1567,291
0,5426,149
1,261,233
1,406,736
0,0,337
1,493,553
0,5996,345
1,3777,65
1,524,9
1,574,259
0,427,371
0,483,280
0,3391,243
0,0,435
1,2488,258
0,1517,7
0,217,317
1,22,76
1,331,170
1,505,386
0,1808,83
1,4111,65
0,52,69
0,419,113
0,2693,16
0,-231,779
1,-55,281
1,462,1877
1,119,51
1,586,32
1,228,176
0,168,187
0,0,24
0,-715,67
0,0,85
1,769,317
1,0,236
1,428,54
1,0,71
0,-970,489
0,6313,39
1,0,455
1,874,190
0,323,280
0,106,588
0,1906,45
0,1152,168
0,179,194
1,391,103
0,89,333
1,442,102
0,8104,213
0,501,289
0,602,324
0,273,84
1,50,168
0,1641,380
0,20,10
1,4590,199
1,-256,35
0,978,82
1,80,676
1,2104,455
0,499,80
0,310,135
1,1143,412
0,2980,101
1,37,253
1,462,272
0,1031,84
0,9009,135
0,-465,166
0,5181,18
0,176,147
0,1699,63
0,0,65
1,172,194
1,0,333
1,6979,14
0,-62,109
0,1972,61
0,899,377
1,21,96
0,23,152
0,-1206,382
0,0,97
0,215,543
1,1372,240
0,1981,48
1,9216,471
1,5563,435
0,1,152
0,782,285
0,3771,185
1,992,301
0,1526,273
1,2658,768
1,455,403
1,0,139
0,2030,196
0,1599,115
1,-196,60
0,1333,17
1,9149,141
1,-350,95
0,432,10
0,11494,198
0,-253,220
0,372,654
0,1410,71
0,975,256
0,305,834
0,400,151
0,-22,20
0,4030,178
0,365,59
0,204,111
0,1691,186
1,406,227
0,-204,297
0,359,210
0,123,9
0,0,112
0,142,112
0,3571,222
1,33,195
1,0,768
1,3096,123
0,3576,124
0,206,216
0,7082,69
0,1634,168
1,1,483
0,4012,690
0,3762,125
0,-247,344
0,606,673
0,0,60
0,-189,247
1,0,123
0,484,144
0,0,9
0,395,155
0,2349,134
0,3401,84
0,222,71
0,989,246
0,415,361
1,16,119
1,482,1097
0,209,97
1,0,181
1,5803,83
0,624,180
0,883,543
0,1516,373
1,872,230
0,-988,83
1,902,58
0,0,297
1,174,487
0,12186,29
0,524,484
1,0,262
0,4,644
0,11219,699
1,0,247
0,5776,49
0,593,64
0,1148,121
1,3561,98
0,260,197
1,2269,331
0,1060,83
0,-220,138
0,49,312
0,69,120
0,4108,526
0,480,211
0,4994,62
0,3681,101
0,451,451
0,593,1484
0,759,317
0,345,605
0,1287,330
0,353,171
0,205,442
0,687,772
0,1147,249
0,4286,357
0,605,147
0,8545,199
0,559,271
1,2,783
0,2,472
1,760,223
0,1317,395
0,182,56
0,276,641
0,2971,429
1,1064,113
0,1783,11
0,-67,157
1,179,79
0,1199,178
0,214,168
0,6699,425
0,1760,162
1,145,799
0,978,1370
1,1150,357
0,121,22
1,828,215
0,244,56
0,228,1017
1,424,298
0,-195,9
1,1410,8
0,1084,201
0,832,164
0,478,97
1,0,151
1,3950,96
1,504,555
1,219,270
0,1602,339
0,2587,328
0,0,159
0,2303,323
0,1660,342
0,32,180
0,278,60
0,4,223
0,318,1434
1,209,30
0,271,134
1,3196,10
1,2572,620
1,339,6
0,0,209
0,395,419
0,2039,283
0,5450,188
1,780,267
1,0,196
1,8436,245
1,11262,323
0,946,1065
0,497,138
0,55,207
0,-140,456
0,-379,261
0,-396,80
1,0,131
0,733,94
0,393,567
1,468,109
0,0,53
0,3705,77
0,9676,234
0,1328,121
0,8,155
0,61,108
0,6613,159
0,302,208
0,1005,215
0,109,597
1,1240,505
1,0,380
0,2923,120
0,0,106
0,43,332
0,288,221
0,613,80
1,6101,60
0,168,212
0,7685,493
1,517,681
1,148,203
0,-285,157
0,887,287
0,3098,159
0,744,125
0,130,202
0,438,37
0,0,161
0,322,72
1,186,342
0,0,325
0,4380,223
1,2070,319
1,999,182
0,167,330
0,1322,514
0,502,551
1,1216,472
1,876,140
1,342,142
1,950,135
0,973,293
0,3825,107
0,2366,127
0,542,1816
0,995,200
0,20,418
1,228,387
0,130,156
0,217,121
0,259,47
1,619,16
0,644,54
0,22,265
1,239,115
1,275,31
0,1221,279
0,816,28
0,1222,369
0,2363,247
0,2262,155
0,2,89
0,2,180
0,4508,854
0,1577,266
0,34,321
0,795,99
0,117,147
1,5462,430
1,402,264
1,641,156
0,383,343
0,283,226
0,889,185
0,0,722
0,-370,748
0,-606,142
1,10378,523
1,1313,8
0,8969,153
0,-196,210
0,15,121
0,4608,212
0,666,253
0,452,139
0,149,71
0,7802,421
0,1453,199
0,1480,108
1,715,247
1,237,236
0,694,97
0,0,109
0,55,112
0,136,15
0,779,30
1,1187,193
0,641,347
0,826,468
0,1796,295
0,22,388
1,244,1735
0,7317,172
1,4943,117
1,258,587
1,515,501
1,12607,203
0,2,282
0,13,110
1,103,104
0,3872,231
0,296,378
1,217,193
1,428,92
1,315,1407
0,121,168
0,820,738
0,195,220
0,-381,30
0,691,70
0,1925,904
0,902,159
0,5207,336
0,0,220
0,665,238
0,233,293
0,-839,68
0,5799,97
0,1033,1713
0,2567,109
0,1584,661
1,182,145
0,76,54
1,663,111
0,15,136
0,1054,273
0,1529,160
1,63,76
0,0,44
0,920,239
1,3696,250
1,59,792
0,0,198
0,157,73
0,2465,157
0,0,90
0,2,236
0,0,118
1,12437,40
1,378,346
0,211,200
0,-228,187
0,2747,113
0,1932,192
1,11269,92
0,1314,682
0,2275,139
1,1304,501
0,720,651
0,1464,350
1,11555,125
0,-302,36
0,2497,35
0,-339,389
0,56,194
1,211,168
0,0,3025
1,459,83
0,242,332
0,1138,219
0,1319,427
0,1,65
0,937,155
0,0,161
0,-558,533
0,171,19
1,696,193
0,361,819
1,227,278
0,236,211
1,-53,617
0,192,61
1,518,34
0,16,95
0,-256,147
0,105,668
0,334,87
0,1048,405
0,108,83
0,660,115
1,0,108
0,1034,113
0,201,58
0,189,148
0,54,103
0,12519,146
1,2881,356
0,0,71
0,88,189
0,1020,251
1,1594,197
0,342,84
1,72,141
0,14,171
1,81,262
0,231,352
0,1161,236
0,-45,184
1,231,568
1,36,105
0,1570,260
0,7050,222
0,3704,447
1,6619,239
1,-84,426
1,1509,333
0,1134,174
0,146,284
1,9449,428
0,374,236
0,88,150
0,2764,237
1,2,1031
0,8023,107
0,289,45
0,0,140
0,33,165
1,703,590
0,0,471
1,1178,295
0,2763,526
1,890,27
0,548,1181
0,272,103
0,178,231
0,252,123
1,23663,199
1,81,197
0,1343,220
0,225,122
0,0,104
0,43,117
0,57,253
0,-117,770
1,0,767
1,25,232
0,1034,854
1,324,293
0,0,986
0,0,66
0,621,114
0,4063,31
0,11084,113
0,310,200
0,73,158
0,1808,99
0,64,239
1,2,168
0,60,196
1,133,319
0,3706,209
1,174,184
0,251,156
0,4153,35
1,985,88
1,168,347
0,1550,126
0,7708,157
0,-12,212
0,6483,123
1,60,306
1,3339,63
1,1161,119
1,599,29
0,28,117
0,1430,231
0,35,123
0,6000,265
0,0,144
1,340,559
0,0,74
0,3,183
1,445,631
0,705,108
0,1033,1199
1,123,264
0,8894,262
0,429,244
0,14752,107
0,67,9
1,102,321
1,1790,224
1,15311,157
1,-635,250
0,115,209
0,10786,111
0,498,55
0,1045,290
0,810,383
1,-162,380
0,55,124
0,586,224
1,455,240
0,1010,385
1,509,133
1,2929,91
0,3071,63
1,153,192
1,1146,91
0,1092,79
0,3463,96
0,1158,25
1,26,227
1,566,110
0,480,213
1,1855,75
0,1034,109
0,3250,162
1,1633,275
0,0,154
0,3334,632
0,4020,251
0,66,141
1,-41,154
0,322,63
0,2643,259
0,3098,192
0,352,97
0,65,41
0,1949,200
1,739,91
0,1167,264
0,231,397
0,1136,86
0,233,446
0,817,304
1,1128,88
1,1831,86
1,450,63
0,0,335
0,1052,227
1,1022,146
0,343,276
0,1944,238
1,-32,14
0,1781,144
1,350,367
0,2,132
1,111,42
1,3,40
1,102,614
0,0,270
0,159,15
0,1134,304
0,352,79
0,865,101
0,179,55
1,5,205
0,-230,259
0,3924,122
0,764,557
1,4348,373
0,3016,80
1,279,239
1,908,1663
1,162,186
0,111,58
1,1281,279
0,2881,510
1,445,218
0,643,74
1,254,676
0,-1212,1259
0,2125,285
0,-202,225
1,271,80
0,703,342
0,-216,404
1,16,158
0,466,164
0,-75,57
0,456,121
0,77,56
1,-244,178
1,1209,283
0,58,113
0,421,22
1,112,159
0,13669,138
0,1429,1015
0,794,182
1,1957,112
0,454,114
1,882,80
0,168,66
1,714,135
1,0,99
0,1996,761
0,163,464
0,3190,20
0,1772,206
1,-151,283
0,16,64
1,7066,667
1,454,73
0,4798,156
1,-298,559
0,439,143
1,671,219
1,65,15
0,-932,567
1,4366,188
0,0,159
0,4900,121
0,148,717
0,5,71
0,-148,144
0,-105,60
0,-1680,92
0,-461,254
1,144,104
0,309,156
0,866,146
1,1020,882
0,489,84
0,8167,114
1,-255,957
0,3671,67
0,141,299
0,150,102
0,839,225
1,26965,654
1,716,234
1,2485,48
1,15030,167
0,11303,500
0,595,22
1,19358,258
1,203,177
1,183,62
1,255,457
1,102,460
0,58,119
0,606,77
0,0,107
0,65,1028
0,338,87
0,757,315
0,9269,107
0,1206,201
1,882,94
1,5291,192
1,61,185
0,0,77
0,1407,142
1,25,381
0,1354,222
0,793,106
1,5235,67
1,3,45
1,409,643
0,35,76
0,-459,508
1,198,128
0,99,193
0,60,172
1,3485,142
0,-139,492
0,952,140
0,1427,140
1,1017,257
0,-29,41
0,4040,132
0,13,284
1,1259,184
0,18,225
0,-76,241
1,221,79
0,136,156
0,16353,223
0,-63,198
0,7353,536
0,511,304
0,3913,196
0,-119,167
0,2993,24
0,361,601
0,1072,1168
0,2904,277
0,86,364
0,1633,229
0,8312,43
0,0,262
0,222,317
0,109,402
0,1451,314
0,1066,109
0,3163,56
1,888,169
1,428,127
0,979,123
0,2662,148
1,84,231
1,816,37
1,3276,106
1,-51,134
1,3315,820
0,196,116
0,552,463
0,2347,603
1,3723,47
1,3143,421
0,0,174
0,6411,144
1,1909,191
0,3873,222
0,1013,206
0,262,74
1,3217,24
1,5436,7
0,2067,493
1,215,350
0,134,86
1,3412,22
0,1291,266
0,2013,222
1,604,95
1,525,127
0,964,174
0,3913,124
0,879,102
0,314,279
0,0,76
0,1370,472
0,37,84
1,673,271
0,-342,754
1,291,172
0,209,375
1,438,130
1,1242,303
0,355,261
0,204,229
0,10758,288
0,5,219
1,410,891
0,605,204
0,4,19
1,8494,158
0,198,314
0,841,215
0,8,169
0,470,101
0,520,15
0,439,260
0,-454,558
0,466,287
0,665,371
0,994,149
0,5346,187
0,1243,32
0,0,138
0,2357,228
0,1044,353
0,1069,45
1,231,76
0,0,144
0,266,168
0,-70,140
1,25824,94
1,538,118
1,534,382
0,2323,111
0,1852,298
0,2647,121
0,2767,317
0,176,42
1,9720,81
1,81,121
0,780,432
0,178,126
0,299,120
0,285,136
0,872,1130
0,1337,330
0,72,305
0,0,332
0,-388,412
0,11,157
1,3343,307
0,3904,250
1,736,119
0,1390,116
0,808,274
0,1147,389
0,1122,143
0,-568,860
0,1165,420
0,0,756
0,740,259
0,8262,201
1,14,19
1,7108,53
0,1049,224
0,0,57
0,419,251
1,726,39
0,454,28
0,2206,104
0,1988,164
1,0,268
0,667,228
0,112,139
0,50,89
0,768,250
0,661,968
0,3025,168
0,751,408
1,416,56
0,14,55
1,-502,76
0,0,72
0,599,99
1,-218,13
1,1012,178
0,300,287
0,217,141
1,0,69
0,5278,763
0,1831,122
0,1480,143
0,7289,316
0,1665,89
1,851,151
0,2885,40
0,137,5
1,1239,90
1,146,50
0,1,159
0,480,344
0,2789,256
1,3897,298
0,5110,231
0,318,4
1,-411,78
0,4820,419
1,4937,421
0,725,105
0,5403,42
0,4089,114
0,188,286
0,189,238
0,610,766
1,787,92
1,243,160
0,877,166
1,2817,195
1,127,85
0,176,78
0,0,648
1,1482,177
0,3052,32
1,3875,21
0,-337,112
0,501,59
0,998,121
0,0,97
0,246,86
0,-182,10
1,446,205
0,1173,77
0,205,289
0,0,86
0,1934,225
1,259,407
0,284,1030
0,23,123
1,1373,119
1,62,175
1,991,563
0,186,241
0,977,52
1,2893,76
0,1897,441
1,5514,319
0,889,13
0,273,803
0,1193,396
0,2729,188
1,0,637
0,230,175
1,2729,945
0,317,162
0,517,1178
0,-470,506
1,4579,409
0,5106,244
0,636,352
0,1076,152
0,126,164
0,-33,234
0,430,154
0,-6,566
0,383,327
0,130,265
0,2569,172
1,201,257
0,6,241
1,475,936
1,706,329
0,1825,24
0,185,177
0,4415,120
0,679,135
1,2988,179
0,1407,58
0,1270,342
0,5173,88
0,3463,210
0,0,731
0,6016,670
0,177,63
0,3694,70
1,1640,72
1,10177,272
1,490,207
0,2576,64
0,0,543
1,598,166
1,15459,245
0,271,94
0,2508,34
0,320,203
0,640,318
0,1772,158
1,15,177
1,201,172
0,160,136
1,75,123
0,4902,110
1,-79,385
1,1521,243
0,131,137
0,8,55
0,-632,18
1,116,255
0,189,95
0,2,112
1,4229,205
0,54,97
1,549,154
0,298,135
0,579,230
1,1467,349
1,0,38
0,109,268
0,-11,94
0,90,263
0,493,671
0,2403,180
0,868,452
0,653,352
0,0,163
0,5050,75
0,741,227
1,1050,586
1,-56,119
0,1,80
0,-98,112
0,4667,130
0,541,237
0,7744,377
0,895,335
0,-129,121
0,0,127
1,158,650
0,122,107
0,673,610
0,-217,313
0,-932,799
0,913,883
1,236,197
0,0,271
0,2581,221
0,639,243
0,849,72
0,386,155
1,1218,70
0,2603,280
0,-921,115
0,607,29
0,79,406
0,1091,47
0,209,135
1,172,67
0,2,684
1,41,686
1,1116,170
0,-55,150
1,329,122
0,494,724
0,1519,230
0,2685,187
0,-14,179
0,5673,357
0,1459,82
0,0,176
0,625,424
0,0,115
0,867,177
0,8304,712
1,151,118
0,-583,25
0,1784,753
0,3134,124
1,49,208
0,-346,136
0,1623,1081
0,60,376
0,17,78
0,2008,354
0,91,29
0,171,209
1,1027,433
0,5801,147
1,205,111
1,852,108
0,-584,411
0,97,108
0,204,224
1,628,1083
1,311,757
0,1564,57
1,856,95
1,1509,144
0,-888,135
1,226,176
0,127,524
0,413,65
0,710,653
0,1233,91
1,171,93
0,1499,186
0,751,121
0,61,452
0,425,883
1,1021,79
0,1146,178
0,781,74
1,1448,217
1,604,475
1,-194,127
0,0,101
0,0,340
1,1014,158
1,73,242
0,2597,323
0,2627,18
0,1906,68
0,-319,134
0,-296,113
0,169,43
1,556,200
1,126,229
0,379,58
0,706,78
0,9121,147
1,1466,40
0,0,618
0,951,23
0,368,293
0,121,16
0,204,286
0,299,209
0,4170,935
0,-335,260
0,3165,298
0,254,397
1,553,113
0,85,141
0,603,773
1,361,329
0,-98,423
0,4424,67
1,2610,626
0,3234,578
0,687,61
0,631,248
1,341,136
1,316,126
0,2,653
0,415,7
0,912,785
0,0,243
0,37,24
1,2524,82
1,9019,952
0,0,143
1,0,1174
0,1520,115
1,578,112
0,0,64
1,2253,937
1,1171,129
1,452,59
0,-97,79
0,4738,151
1,0,101
0,495,157
0,157,57
0,358,176
0,292,222
0,7343,217
0,-563,252
1,351,1063
0,365,41
1,13494,27
1,846,758
0,1574,301
0,-28,574
0,0,847
0,2927,78
0,501,514
0,301,789
0,1388,146
1,102,272
0,413,712
1,4665,860
0,638,75
0,101,191
0,1224,1441
0,1103,428
0,3748,322
0,955,104
0,518,127
1,1893,1259
0,14,114
0,-423,106
0,3696,305
0,2987,307
1,433,1504
0,756,396
1,0,71
0,2727,205
0,93,134
0,1766,166
0,124,81
0,69,77
0,0,537
0,259,415
0,4103,291
1,744,283
0,116,70
0,70,611
0,1172,26
1,9,262
0,428,272
1,7546,137
0,620,95
0,8647,140
1,192,71
0,0,502
1,27733,164
0,276,219
1,113,328
0,782,224
0,82,63
0,1008,24
1,6421,147
1,443,84
0,351,175
0,5060,12
1,-41,40
1,-124,217
0,79,235
1,3945,255
0,197,256
0,-94,75
0,1743,192
0,57,796
0,635,220
0,-113,614
0,124,161
1,475,141
0,-7,697
1,375,223
0,1415,483
1,0,63
1,3638,271
0,-99,144
0,167,79
0,19,171
0,242,73
0,13,69
0,286,60
0,769,257
0,93,198
0,1663,217
0,238,134
1,2178,41
0,792,611
1,871,216
0,1025,388
1,16,387
1,417,90
0,3992,281
0,2749,332
0,133,218
1,1721,650
0,4760,182
1,2979,156
0,690,171
0,322,10
0,634,65
0,273,58
1,47,69
0,1100,127
0,0,154
0,0,36
0,1544,85
1,6145,362
0,28,49
0,1012,410
0,245,253
1,1998,570
0,3990,633
0,1328,82
0,412,164
0,229,175
1,1562,659
1,3432,139
1,144,43
0,1339,343
0,386,74
0,7727,302
0,204,455
0,2418,120
0,2934,727
1,0,275
1,181,41
0,176,61
0,49,232
0,2023,214
0,372,21
1,464,173
0,117,635
0,104,77
0,1041,73
0,539,540
0,0,179
1,406,119
0,2558,107
0,484,48
1,3516,447
0,5639,430
1,100,64
1,1306,217
1,815,77
0,245,16
0,191,753
0,2815,125
1,3672,1210
0,1572,185
1,29,156
0,84,403
1,876,145
1,1499,17
0,0,160
0,6217,486
0,329,321
0,14533,646
1,151,97
0,-2,144
1,4684,30
0,11,326
1,8004,414
0,1019,285
0,671,16
1,2378,65
0,417,138
0,71,121
0,1188,140
0,8139,256
0,249,61
0,689,367
0,203,9
1,-183,395
0,3451,125
0,116,580
0,1746,15
0,0,119
0,897,26
0,821,224
0,130,285
0,8,88
0,55,185
0,699,98
0,687,72
0,4968,109
0,1211,208
1,426,1029
1,376,273
0,12,130
1,23,590
0,353,107
0,353,90
1,2273,222
0,0,127
0,744,38
1,608,380
0,1291,189
1,-306,217
0,306,388
0,-312,22
1,493,289
0,71,221
0,669,129
0,556,147
1,84,299
0,108,543
1,-11,247
0,1164,166
0,132,336
0,2237,619
0,4761,159
0,-346,29
0,655,606
0,1048,971
1,0,231
0,624,163
1,1784,385
1,1281,119
1,569,348
0,1666,30
0,168,249
0,263,119
0,-405,177
0,279,110
1,0,594
0,300,105
1,415,123
1,0,172
1,1322,178
0,1062,230
0,302,89
0,-278,143
1,3238,7
1,751,104
1,2442,91
0,1798,19
0,132,574
1,260,49
0,7,171
1,3283,258
0,323,41
0,2960,83
1,486,95
1,5958,215
1,304,226
1,118,1275
0,123,66
0,76,196
0,70,229
0,960,241
1,2185,354
1,309,471
0,2190,90
0,0,58
0,3732,379
0,1550,12
1,62,67
0,704,165
0,4415,1032
1,4,84
0,262,393
0,238,808
0,97,923
1,1191,274
0,-47,84
0,197,78
0,6,41
1,2398,317
0,630,138
0,235,88
0,1910,413
0,3172,139
0,872,82
0,407,12
1,100,221
0,345,38
0,889,388
0,0,151
0,51,140
0,150,124
0,34,200
1,795,101
0,282,261
1,2139,176
0,-469,209
0,197,223
1,825,38
1,3232,541
0,871,602
0,83,26
1,1445,328
0,226,762
0,-55,107
1,243,46
0,-336,128
1,3672,360
0,0,524
0,251,128
1,44,310
0,2887,819
1,1992,202
1,2,144
0,1415,311
1,297,415
1,1094,93
0,-84,101
1,-1,72
0,347,282
0,1253,210
0,4565,369
1,781,125
0,7124,301
0,17555,14
0,5172,57
0,15520,420
1,13711,638
0,286,557
1,-219,66
0,0,206
0,810,19
0,300,166
1,1175,102
0,0,46
0,113,126
0,641,161
0,1477,355
0,0,40
0,8,143
1,2830,22
0,15,184
1,125,78
0,45,125
0,13,189
0,0,300
0,579,396
1,432,340
1,1987,55
0,857,238
0,15834,172
0,3370,36
0,6290,303
0,808,417
0,4075,162
0,373,10
1,-101,99
0,1375,308
0,180,298
0,175,92
0,381,288
0,2171,130
0,340,255
0,4958,64
0,21244,166
0,156,657
1,781,75
0,0,40
0,1819,398
0,4374,163
0,456,137
0,253,257
1,774,231
1,-59,192
0,0,226
0,0,67
0,-3,205
1,2488,14
0,839,50
0,103,312
1,1680,76
0,247,244
0,8295,207
1,261,113
0,95,1309
1,291,72
0,2240,551
0,0,163
0,324,217
0,669,88
1,4143,21
1,2646,142
1,618,1056
0,434,411
0,622,145
0,0,80
0,99,344
1,290,128
0,1230,412
1,45,908
0,923,819
0,950,210
0,1503,165
0,65,118
0,-679,159
0,773,618
1,10788,102
0,247,401
0,4143,200
0,-406,152
1,180,203
1,-887,827
0,4157,735
1,1386,185
0,2211,149
0,-495,303
0,27359,71
1,440,445
1,135,232
0,-735,144
0,60,209
0,18347,415
1,-72,273
0,1205,376
0,499,37
1,656,148
0,100,57
0,619,198
1,192,327
1,0,669
0,87,165
0,3228,58
1,1361,1473
1,0,123
1,34,289
1,318,239
0,197,1386
1,0,294
0,273,910
1,-27,100
0,75,204
0,1139,155
0,115,46
0,0,1366
0,7195,609
1,-477,1532
1,1026,226
0,3921,168
0,980,352
0,-179,335
0,2552,74
0,1729,85
0,434,117
1,-300,184
0,4785,72
0,0,44
1,391,336
0,4657,93
1,3472,332
1,705,398
0,255,86
0,4365,45
0,350,110
0,474,152
1,489,356
0,757,382
1,695,233
1,-770,87
0,315,103
1,213,378
0,0,257
0,2169,282
0,333,24
1,4404,766
0,3188,426
1,3083,244
0,226,136
0,1260,172
1,1410,93
1,980,118
0,-37,191
0,680,513
1,799,91
1,-1164,76
0,2523,1236
0,98,193
0,3419,324
1,343,377
0,852,408
0,50,246
1,0,58
0,10,196
0,950,219
0,0,197
0,175,257
0,-259,381
0,6217,486
0,-1310,162
0,139,153
1,7138,809
1,113,39
0,310,526
1,-186,172
0,2038,405
0,833,77
0,625,158
1,105,146
0,551,27
1,145,105
1,618,119
1,1063,327
0,2926,482
1,-449,81
0,0,674
0,419,347
0,4758,712
1,-23,48
1,77,236
0,1378,91
0,-73,15
0,60,161
0,137,187
1,1583,100
0,-121,214
1,1065,406
0,-13,361
0,1869,30
1,4787,99
0,-183,202
0,702,318
1,1494,275
0,0,59
0,46,70
1,609,1126
1,0,228
0,7876,209
1,925,709
0,42,51
0,285,267
0,0,95
1,3170,246
0,8,46
1,2975,249
0,894,328
1,490,17
0,245,126
0,150,52
0,4,285
0,1727,500
0,473,216
0,-192,138
0,1942,436
1,5137,123
0,13044,36
0,1053,405
0,154,103
0,625,175
0,255,374
0,529,129
0,318,246
1,1903,107
0,1937,385
0,3859,104
0,4198,309
0,230,198
1,747,543
0,263,143
1,-46,23
0,0,104
0,568,378
0,1469,364
0,18,363
0,1412,157
0,-93,402
0,-331,203
0,486,422
0,694,44
1,2806,358
1,0,39
0,1167,968
1,35,156
0,8304,681
0,4760,187
1,-1313,104
1,697,860
0,230,112
0,473,112
0,1427,32
1,201,325
1,1086,410
0,286,166
0,214,21
0,343,89
0,-77,151
0,1046,112
1,1566,164
1,592,145
1,104,606
0,0,105
0,-22,85
0,0,439
0,72,278
0,100,205
0,319,221
0,9339,52
0,32,476
0,6922,371
1,633,128
0,4265,220
0,2262,44
0,1970,30
0,4659,28
0,668,908
1,-145,289
0,-498,357
1,0,38
0,22,414
0,2304,257
0,1412,480
0,145,252
1,4897,151
0,1832,213
0,3726,119
0,591,161
1,508,12
0,817,517
0,291,150
0,3554,89
0,781,103
0,1327,277
0,-306,500
1,864,113
0,1265,326
0,0,755
0,214,161
0,425,100
0,3,142
0,0,214
0,0,167
1,282,676
0,0,236
1,3727,993
0,0,83
1,864,100
0,4089,289
0,-478,528
0,-363,340
0,8883,33
1,1970,284
0,1859,245
1,1059,115
0,388,730
1,0,58
0,255,180
0,63,56
0,712,326
0,57,342
0,523,49
0,422,110
0,386,253
0,3387,636
0,260,137
1,-1,173
0,1490,227
0,497,88
0,1707,426
0,826,195
0,907,230
0,1836,750
1,404,413
0,18,138
1,-495,334
0,1210,868
0,819,102
1,-46,199
1,671,332
0,371,124
0,-3,91
0,11,104
1,33,125
0,104,635
0,174,90
0,3107,310
0,1438,207
0,1367,43
0,-11,126
1,1693,137
0,778,284
0,837,68
0,363,67
1,236,8
1,0,62
0,-50,175
1,4,395
0,46,195
0,575,254
0,431,73
1,777,351
0,199,1689
1,3552,267
0,47,234
0,138,94
1,1117,77
0,1325,242
0,0,247
0,4343,85
0,3301,485
1,822,184
1,1534,156
0,1671,160
0,2007,1021
0,0,5
0,2776,701
0,139,732
0,573,122
0,475,559
1,2154,87
1,96,577
0,83,193
1,6766,210
0,3973,732
1,-552,150
1,48,140
0,7696,386
0,4500,733
0,1,108
1,46,80
0,451,389
0,479,133
0,0,328
0,1130,119
0,389,87
1,10,162
0,401,294
1,145,128
0,115,108
1,89,172
0,94,208
0,1438,212
0,207,99
0,238,185
0,2433,133
1,1924,170
0,-471,668
1,1531,81
1,764,230
0,383,287
0,3782,618
0,326,788
1,0,163
1,99,159
0,502,197
0,-15,212
0,1929,44
0,0,180
1,185,11
1,-424,863
1,0,388
0,319,143
1,171,191
0,-11,13
1,0,1073
0,-206,337
0,704,88
0,1931,167
1,943,96
0,327,537
1,-105,5
0,983,139
1,787,570
0,0,100
0,3060,253
0,5780,525
1,790,696
0,1449,535
0,1412,131
1,681,6
0,228,105
0,0,370
1,2087,29
0,2,184
0,197,47
0,0,193
0,1905,709
0,118,358
0,2644,253
0,16430,197
0,13,94
1,769,153
0,3485,113
0,139,80
0,6,100
0,2098,67
0,320,76
0,3431,73
0,50,89
1,1623,21
0,13342,465
1,6570,106
0,225,304
0,-665,342
1,0,16
1,54,543
0,46,338
0,2,197
0,103,956
1,883,95
0,55,546
0,8238,124
1,913,113
1,7,188
1,1661,199
0,102,470
0,338,90
0,3132,350
1,490,31
0,2682,156
0,0,299
0,596,510
0,2059,177
0,132,123
0,0,270
0,385,225
0,223,63
0,0,247
1,512,206
0,1169,168
1,71,836
1,940,131
1,-80,89
0,0,116
0,1317,58
0,179,36
0,1007,240
1,0,132
0,1286,544
0,804,266
1,4,443
0,0,324
1,417,15
0,1678,263
0,407,145
0,393,11
1,0,165
1,838,619
0,195,203
0,68,254
1,-242,1149
1,3403,707
0,8,196
1,622,1451
0,152,563
1,2,239
0,1439,73
1,6402,158
0,1210,100
1,122,160
1,0,661
0,62,166
0,3333,114
0,16992,58
0,23,25
0,0,121
0,6072,226
1,366,234
0,1343,85
0,2105,134
0,2319,251
1,35,152
0,877,202
1,30,379
0,-2082,123
0,89,156
0,104,332
0,1750,90
0,772,291
0,1048,23
0,592,122
0,0,105
0,3064,1143
0,33,70
0,0,264
1,1649,204
1,287,182
0,419,295
0,257,86
0,118,16
0,251,413
1,1731,323
0,0,78
1,23,121
1,-386,477
0,5498,265
1,5063,418
0,7041,386
1,654,594
0,1890,161
0,2400,450
0,519,217
1,1190,136
1,229,322
1,203,104
0,1818,189
0,1289,250
0,796,427
1,57,632
0,1548,101
0,117,467
1,0,640
0,691,517
0,64,160
0,957,206
0,118,208
1,218,169
0,724,287
0,20,505
0,-28,284
0,665,89
1,5,138
0,925,321
0,2519,262
0,3927,61
0,581,192
0,1327,174
0,3242,292
0,3163,240
0,310,128
0,0,161
1,155,291
1,11386,356
0,1380,294
1,2443,422
1,1129,806
1,4232,227
0,5564,560
1,-402,135
1,1323,361
0,1623,246
0,1042,419
1,2488,449
0,865,71
0,-1053,357
0,1667,164
0,2571,146
0,732,759
0,-136,131
0,931,1183
0,565,123
0,271,483
1,1153,238
0,-73,90
0,558,464
0,700,240
0,-966,104
0,96,109
0,4007,598
1,567,274
1,40,123
1,917,260
1,593,190
0,505,521
0,2542,228
0,5355,466
1,807,74
0,9976,57
0,0,119
0,540,124
0,280,65
0,-517,172
1,2613,174
0,-7,41
0,0,232
0,2301,124
0,104,701
0,191,162
1,694,431
0,212,191
0,1882,249
0,131,189
1,175,167
1,0,73
0,3533,235
0,1257,93
0,23,143
1,0,81
1,398,77
0,745,115
1,8106,125
1,0,53
0,696,77
0,2416,74
0,25,169
1,7513,269
0,5116,246
0,-1746,218
0,4148,316
0,14,142
1,105,75
0,767,204
1,-228,122
0,508,70
0,725,266
0,41,34
1,184,203
0,251,85
0,-19,13
0,1064,562
0,777,185
0,377,158
0,796,173
0,17,353
0,1071,143
0,0,18
0,865,85
1,817,123
0,1387,121
0,0,245
0,2917,215
0,4541,190
0,0,44
0,4287,171
0,242,62
0,171,172
1,259,78
0,827,319
1,469,111
0,2226,158
0,0,82
0,477,128
0,42,102
1,775,124
0,9,334
0,2557,134
0,2395,218
0,4895,313
1,376,207
0,389,262
0,0,214
0,2892,1165
1,295,141
0,292,164
1,85,151
0,4,145
1,367,217
0,-1224,253
0,0,263
0,-589,233
1,-8,402
0,0,585
0,247,145
0,5543,143
0,642,524
0,11,270
0,-226,272
0,5191,187
1,-320,268
0,2289,183
0,725,123
1,705,20
0,776,232
0,816,547
0,171,71
0,812,113
0,823,780
1,1453,246
1,431,108
1,1009,253
0,286,175
0,22370,106
0,2111,86
0,5366,248
0,181,265
0,0,506
1,-296,81
0,2358,30
1,1200,904
1,109,699
0,616,19
0,313,211
0,290,283
0,1240,474
1,3672,157
0,19,509
0,143,279
0,9,386
0,3074,679
0,1734,169
0,575,315
0,397,293
0,640,439
0,158,198
0,2984,770
0,1011,340
1,0,1472
0,1133,293
0,4945,311
0,712,291
1,-427,965
0,2146,594
0,92,139
0,10,501
0,1238,274
1,981,10
0,575,18
1,3733,198
1,574,410
1,43,190
0,428,121
0,0,148
0,0,239
1,474,90
0,-540,29
0,560,58
0,325,1139
1,437,504
0,574,348
0,0,130
0,935,100
0,699,544
1,0,182
0,-220,90
0,11417,272
0,212,260
0,67,672
0,0,275
0,1673,76
0,-1202,749
1,4213,142
0,0,454
0,1521,102
0,1310,521
0,0,57
0,399,504
0,405,138
1,2506,485
0,697,166
0,403,318
0,158,73
1,137,198
0,2705,137
1,75,479
0,2457,285
0,541,98
0,287,199
0,273,97
0,677,384
0,340,37
0,98,420
1,2629,77
0,0,376
1,2325,125
0,-20,142
1,230,442
1,-280,281
0,25,528
1,9851,128
1,5095,71
0,687,161
0,1368,129
1,-179,54
0,-396,443
1,1011,136
0,9,44
0,1159,1181
0,-322,225
0,2072,224
0,459,189
0,1157,98
0,8309,50
1,1043,195
0,2098,110
1,461,214
1,61,182
0,1203,239
0,1067,179
0,0,540
0,1657,566
0,1219,697
0,7,98
0,-839,1018
0,994,221
0,6,246
1,0,656
1,8627,281
0,133,65
0,247,193
0,1114,283
0,1592,78
0,0,425
0,46,238
0,1221,182
0,985,998
0,520,158
0,10,320
0,2157,149
0,6095,410
0,133,104
0,1121,454
0,88,190
0,0,145
1,-328,318
0,610,246
1,414,761
0,0,143
0,685,968
0,22856,154
1,-352,246
0,602,201
0,-588,81
1,302,205
0,5314,200
0,64,210
1,632,215
1,5731,164
0,902,35
1,6307,615
0,0,42
1,621,217
1,435,210
0,782,116
0,478,200
0,7864,145
0,1910,41
0,1270,80
1,18,121
0,141,106
0,2886,230
0,2715,125
1,1100,67
0,516,26
0,1,395
1,775,603
0,634,185
1,5715,287
0,1088,149
0,1532,173
0,75,118
1,103,314
0,134,378
1,748,94
0,1990,108
0,192,203
1,267,121
1,586,489
1,648,287
1,96,612
0,1116,53
0,170,442
1,3665,664
1,2380,394
0,179,230
0,763,877
0,320,1971
0,1960,161
0,818,188
0,2678,23
0,1980,176
0,1582,26
1,62,212
0,235,119
0,489,205
0,3931,73
0,699,1258
0,58,57
0,557,58
1,741,238
0,3230,207
1,1439,178
0,120,20
0,1058,188
0,881,143
0,6728,232
0,462,127
0,167,380
0,1574,167
1,1625,796
0,562,303
0,9305,407
1,35,229
1,0,108
1,2486,265
1,368,168
1,1558,97
1,8627,169
1,2590,103
0,0,599
1,900,322
1,385,304
0,1649,52
0,0,101
1,1,65
0,771,173
0,280,162
0,46,78
0,2431,646
1,308,114
1,555,133
1,778,1994
1,48,140
0,169,82
0,848,605
0,481,164
0,12223,36
0,-254,290
0,1148,104
1,5,413
1,50,153
1,470,743
0,0,82
0,440,117
1,0,550
1,2685,5
0,7007,325
0,220,345
0,1548,331
0,326,112
0,123,381
1,697,119
1,223,25
0,1694,929
0,4446,429
0,894,491
1,0,191
0,1707,406
0,13658,220
0,406,253
0,96,340
0,0,154
0,-276,121
0,413,104
0,655,127
1,10218,149
1,1646,261
1,14,87
0,7635,719
0,9,292
1,1029,145
0,2855,52
0,260,146
0,2039,451
0,1465,98
0,125,238
1,930,85
1,0,323
0,73,116
0,-35,304
1,1351,267
0,1601,201
0,88,105
0,435,193
0,705,151
0,1553,200
0,1191,214
1,47,36
0,544,58
0,688,174
0,242,587
1,118,112
0,-388,175
0,1603,279
1,1511,270
0,147,116
0,836,129
0,55,38
0,1123,138
1,691,338
0,0,565
0,12531,77
0,552,314
0,0,179
0,309,294
1,33,298
0,681,427
0,1787,87
0,14220,397
1,12569,344
0,4,74
0,3587,148
0,254,161
0,4855,1529
0,2408,236
1,252,89
0,346,390
0,45,1467
0,556,646
1,-551,168
1,56,66
0,1514,160
1,178,14
0,359,220
0,1161,665
0,1278,174
1,982,105
1,16,990
1,1,582
0,128,136
1,2543,223
0,42045,205
0,828,214
0,3940,171
0,125,50
0,140,65
1,593,55
0,746,256
0,589,151
1,2343,226
0,294,97
0,644,92
0,-26,343
1,3354,493
1,23,216
0,7,224
0,3735,190
0,2094,458
0,508,222
0,0,612
0,93,137
1,0,104
0,26394,206
0,-11,172
0,523,152
0,-74,114
0,0,89
1,122,158
0,351,326
0,35,215
1,64,71
0,60,487
0,342,340
1,1830,183
1,16957,208
0,0,147
0,79,83
0,2303,775
0,65,25
0,332,497
0,-102,134
0,4809,223
0,279,399
0,11,420
0,2201,233
0,8044,702
0,2374,161
1,92,110
0,443,27
0,1397,58
0,7,68
0,3177,92
0,232,45
1,81,79
1,414,11
1,1433,520
1,187,86
0,0,16
0,4610,154
0,1429,91
1,334,389
0,2,71
1,500,111
0,43,68
0,4030,75
0,306,212
0,0,91
0,168,79
0,210,646
0,518,206
1,1696,257
0,-31,81
0,856,470
1,318,133
0,64,230
0,800,76
1,75,26
1,347,154
0,2366,94
0,701,254
0,475,1156
0,3285,248
0,925,884
0,128,275
0,1587,200
0,478,475
0,1868,156
0,819,244
0,4646,118
1,27,40
0,736,700
1,224,97
1,2544,252
0,427,360
0,2764,235
0,376,1521
0,523,105
0,71,86
0,3948,484
1,1810,117
0,994,119
0,52,359
0,11,109
0,0,236
0,747,203
0,2657,202
0,313,42
0,61,21
1,2557,186
0,658,175
0,1679,21
1,0,370
0,841,54
0,0,63
0,1160,116
1,94,300
0,585,48
0,235,217
1,2145,727
0,1464,193
0,232,72
0,187,165
0,12,345
0,318,206
0,405,994
0,334,127
0,0,29
0,2,70
0,966,40
0,195,185
0,0,97
0,260,316
0,451,125
0,3242,233
0,1808,245
0,20,109
0,3068,429
0,23,133
1,1076,70
0,1060,118
1,678,1579
1,1147,29
0,-630,173
0,459,13
0,357,175
0,-9,123
1,1927,288
0,500,19
0,9146,136
0,59,437
0,0,1225
0,328,526
1,-703,123
1,589,62
0,6053,865
0,1142,82
0,725,219
0,802,569
0,556,460
0,191,238
1,373,346
0,6164,161
0,37,51
0,1156,37
0,806,141
0,2381,173
0,-314,66
0,285,209
1,1199,1011
1,137,88
1,168,52
1,4745,360
1,11797,95
0,786,322
0,4015,106
0,0,20
0,331,178
0,1554,325
0,132,343
1,5086,213
0,529,193
0,4824,168
0,474,423
0,2281,158
0,186,433
0,137,252
0,6968,175
1,81,158
0,6904,114
0,137,246
1,25,44
0,759,136
0,1922,247
1,3298,227
0,764,219
0,8556,326
0,3514,226
0,0,351
0,680,341
0,0,124
0,2819,123
0,-518,244
0,60,151
0,732,736
0,2707,109
0,177,117
0,13229,77
0,-204,42
0,990,252
0,648,179
0,50,106
0,1916,281
0,763,384
0,470,217
0,0,144
1,5739,374
0,0,298
0,-375,814
0,157,33
0,1518,128
0,1343,129
1,-401,274
0,5310,984
1,2285,413
0,22171,44
0,856,70
1,1169,463
1,3797,96
1,53,276
0,2519,257
0,795,131
0,2087,267
1,34,29
0,5,65
1,15,67
1,390,190
0,712,287
1,2600,77
0,-241,169
0,435,122
0,876,269
0,1801,167
0,2278,244
0,157,99
0,1327,76
0,284,252
0,495,213
1,1588,14
0,0,121
0,428,153
0,542,8
0,66,244
0,24,169
1,613,86
0,1467,277
0,192,154
0,321,135
0,788,392
0,262,96
0,4438,446
1,5045,20
1,3014,291
0,21664,214
0,5878,159
0,2723,275
0,576,128
0,0,207
1,2197,146
0,104,22
1,1279,239
0,295,92
0,2128,149
0,367,107
0,1477,71
1,71,122
1,127,16
0,16264,215
0,1672,128
0,9207,445
1,356,76
0,1217,155
0,590,133
1,442,474
1,808,578
1,427,17
0,431,74
0,4256,239
0,846,671
1,3,998
0,693,271
1,0,133
0,362,84
1,618,281
1,2893,250
0,230,144
0,179,411
0,980,428
0,79,249
0,3043,235
1,808,267
0,745,595
0,1309,28
1,290,257
1,178,747
0,0,87
1,537,187
1,416,452
0,1472,36
0,3953,277
1,112,118
0,0,101
0,2240,282
0,22546,8
0,0,1448
0,228,12
0,215,61
0,23,91
0,293,162
0,199,113
0,459,558
0,8131,69
0,-378,541
1,395,429
0,865,96
0,340,68
1,1882,529
0,265,650
0,389,69
0,0,71
0,384,30
0,1471,331
0,937,66
0,500,26
0,25,266
0,365,168
1,34,316
0,429,1006
0,6839,77
1,6,622
0,467,494
0,1847,543
0,247,268
0,897,397
1,64,208
0,-471,77
1,1160,450
1,14,201
0,26,342
0,452,181
1,382,294
0,2033,123
0,0,172
1,142,123
0,645,420
0,897,119
0,103,153
1,847,85
1,0,260
0,517,528
1,1308,361
0,66,59
0,66,139
0,70,219
0,180,45
0,279,168
0,4,268
0,1416,210
0,465,160
0,998,1044
0,550,601
0,1285,89
0,4908,491
1,336,139
1,131,267
0,348,88
1,453,134
0,1102,126
1,926,191
1,8669,5
1,316,560
0,9324,138
0,0,188
0,72,262
1,61,836
1,173,150
1,-162,44
1,47,11
0,326,150
0,2552,255
1,1283,92
0,2179,112
0,1047,554
0,36,109
0,-308,781
1,1177,116
0,2077,363
0,0,82
0,1,167
0,7735,220
1,1922,546
1,153,1124
0,2770,141
0,139,188
1,21,107
0,178,320
0,444,244
1,209,319
0,3096,147
0,5320,114
0,4885,400
0,0,79
0,5462,29
0,6767,97
0,427,201
0,8876,280
0,146,150
1,304,516
0,389,127
1,766,174
0,0,82
1,3107,1516
0,670,378
1,6164,152
0,2850,185
1,79,317
0,110,27
1,5039,205
0,360,46
0,199,978
1,238,45
0,5092,145
0,750,90
1,0,214
0,1291,142
0,1844,241
0,89,148
0,4280,227
1,0,126
0,625,410
0,574,243
0,320,171
1,468,147
0,440,91
0,0,332
0,5706,471
0,7780,364
0,-559,98
1,16874,117
0,1987,185
0,98,59
0,642,147
0,526,553
1,6483,275
0,2306,239
0,954,402
1,-679,172
0,-1,195
0,2590,68
1,331,82
0,4209,57
1,0,479
0,0,141
0,151,82
1,266,232
0,0,60
0,491,103
0,3,443
0,198,400
0,14363,132
0,136,363
1,28,111
1,335,130
0,174,308
0,270,116
1,1206,160
0,914,185
0,31,61
0,0,159
1,347,213
0,860,294
0,89,140
0,0,71
0,0,47
1,68,570
0,-149,287
1,2731,11
0,112,70
0,3620,22
1,179,103
1,1544,104
0,199,29
0,231,57
1,302,528
1,189,68
0,565,876
0,310,76
0,1746,99
0,6,122
0,-110,141
0,2749,58
1,6495,78
1,35,435
0,-650,123
0,292,210
1,5774,54
0,2416,138
0,35,336
0,19317,249
0,50,63
0,-674,257
0,3726,875
0,1180,191
1,319,120
0,1545,207
0,1315,303
1,424,93
0,151,128
1,-970,194
0,-762,408
0,181,5
0,-120,231
0,78,218
0,209,36
0,2469,136
0,0,336
0,0,141
0,307,65
0,1384,203
0,0,104
0,719,230
0,6704,205
0,4543,162
0,0,145
1,149,220
0,-1400,309
0,-118,421
0,2160,261
0,3452,132
1,842,273
0,3576,349
0,1666,291
0,0,83
0,0,793
1,1628,119
0,51,312
1,447,103
0,396,101
0,4994,48
0,3215,228
0,2814,81
0,0,152
0,293,160
0,474,59
0,16178,297
0,0,147
1,88,143
0,308,75
0,1164,338
0,13893,29
0,0,159
1,389,15
0,2718,114
1,757,343
1,16,59
0,-422,31
0,248,212
0,145,157
0,949,245
1,614,72
0,1209,700
0,202,107
0,1840,312
0,114,153
0,-229,55
0,182,38
0,401,96
0,4194,208
1,0,122
0,629,109
0,153,74
0,553,72
0,78,113
1,-28,400
0,929,387
0,428,59
1,268,528
1,83,1223
1,2223,1139
1,6,286
1,312,369
1,0,333
1,691,198
0,771,106
1,192,423
0,0,116
1,1070,30
1,2,102
0,1242,384
1,5969,156
1,1347,280
0,64,20
1,249,258
1,0,85
0,128,355
0,196,66
0,351,467
1,5533,582
0,38,744
1,35,185
1,235,13
1,30,98
1,92,127
0,67,45
0,4022,244
0,3057,2769
1,0,561
1,349,182
0,2322,618
0,167,198
0,-230,715
1,239,412
0,179,96
1,305,633
1,-67,364
0,4539,298
1,770,341
0,-673,364
0,858,234
0,0,639
1,5244,310
0,846,253
0,0,96
0,1331,297
1,31,501
0,543,281
0,253,475
0,71188,205
0,5108,272
0,1738,349
0,-97,216
0,199,183
0,489,130
0,355,61
1,-97,92
0,6649,354
0,263,203
0,781,152
0,1032,41
0,119,20
0,2967,83
0,1585,91
1,588,70
0,3180,384
0,0,105
0,-76,305
1,152,158
0,-384,25
0,473,147
1,475,538
0,0,77
0,149,94
0,3285,1721
0,424,143
1,79,104
0,0,1608
0,58,48
0,532,74
0,4130,427
0,422,73
0,437,14
0,30,333
0,137,244
1,-247,519
1,321,242
1,250,222
0,-470,130
0,140,490
0,2793,258
0,410,337
0,116,79
0,0,250
0,878,130
1,2944,882
1,3975,515
0,96,238
1,2288,32
0,472,907
0,65,162
0,0,70
1,400,99
0,7495,325
0,137,305
0,24,631
1,311,61
0,139,256
1,0,58
0,492,142
1,334,36
0,997,106
1,440,71
0,47,132
0,1298,120
1,396,302
0,8,93
0,1409,235
1,170,129
0,2769,94
0,2320,310
0,76,195
1,2034,196
1,3018,93
0,921,394
0,483,288
0,390,208
0,0,508
1,92,86
0,22196,189
0,2,249
0,249,450
1,3274,680
0,5731,175
0,206,479
1,2325,270
1,0,164
0,1664,158
0,3333,50
0,7020,80
0,37,45
1,28,220
1,1670,161
0,134,98
0,603,79
0,276,157
1,2157,339
0,161,274
0,3658,977
1,3342,329
1,1732,1441
1,263,231
0,623,96
0,3540,213
0,95,335
1,5549,383
0,191,40
0,420,110
0,0,326
0,4,132
0,423,95
0,-892,248
0,-120,100
0,27069,174
1,8038,29
0,-938,176
0,189,136
1,19,110
0,3663,230
1,0,140
0,-614,118
0,425,693
0,5122,31
0,341,670
0,607,454
0,1495,159
0,381,504
1,1274,190
0,362,332
0,377,143
1,802,77
0,194,517
0,-315,2029
0,1843,269
0,-9,457
0,83,184
0,433,47
0,-107,158
0,4503,168
0,51,50
0,961,757
0,49,93
0,3470,285
0,-147,390
0,0,146
1,0,386
0,172,145
1,-407,230
1,1040,474
0,142,350
1,209,487
0,3304,1009
1,294,87
0,4848,82
1,1670,183
0,367,139
1,13683,115
1,1420,124
1,340,633
1,1679,718
0,1198,63
0,169,180
0,506,47
0,1249,391
1,678,85
1,212,373
1,4402,805
0,4722,483
0,61,112
1,0,213
0,3706,129
0,1177,330
0,2096,104
0,748,184
1,3357,120
1,3809,159
0,395,391
0,1011,112
0,420,76
0,76,189
0,0,94
0,844,184
0,1318,100
0,167,57
0,2187,525
0,14440,60
0,2294,251
0,80,251
0,2537,219
0,569,976
1,0,46
0,0,185
1,12,587
0,49,65
0,460,491
0,613,432
0,7944,102
0,1143,264
0,-464,75
0,1989,106
0,17,81
0,-1,89
0,1698,95
0,5306,322
0,0,94
0,3676,567
0,-242,600
1,471,5
0,8902,464
1,1704,222
0,3050,469
0,2581,99
0,162,297
0,243,41
1,1847,390
0,0,535
0,3371,269
1,1757,1010
0,171,73
0,157,650
0,934,53
0,-19,270
1,-55,119
0,21,634
1,14,72
1,246,270
0,887,165
0,51,164
1,-287,196
0,0,78
1,2734,897
0,52,22
0,2594,161
0,1611,490
1,18,359
0,1331,213
0,7337,122
1,835,587
0,5092,199
0,10655,5
0,1831,1531
0,92,92
0,586,179
0,2061,197
1,959,144
0,208,255
0,-315,56
0,-13,20
0,801,331
0,1948,216
1,751,64
0,784,34
1,24,68
0,72,764
1,1378,257
0,188,58
1,6836,30
0,61,529
0,-967,8
1,462,147
0,0,173
1,5527,132
0,1287,286
0,17361,476
0,1956,221
0,-294,532
0,275,69
0,724,157
0,27,485
0,191,69
1,-147,95
1,179,294
0,1086,146
0,471,58
0,105,249
1,2700,337
0,1602,142
0,0,209
0,839,825
0,21515,87
0,5902,219
0,547,143
0,3800,70
1,261,371
0,0,539
0,-34,176
0,9328,725
0,5,101
0,3529,169
1,2330,15
0,1334,234
0,3601,171
0,265,14
1,2227,242
0,487,155
1,174,223
0,14412,297
0,3288,124
1,57,465
0,2246,330
0,4441,153
0,353,208
0,448,98
0,27,230
1,1185,284
0,2,16
1,60,274
1,3972,122
0,26452,219
0,9374,7
0,47,374
0,279,26
0,20,172
1,1532,253
1,1673,200
0,2420,405
0,100,132
0,0,89
1,296,147
0,2788,369
1,109,64
0,485,98
1,125,66
0,616,149
0,3064,240
0,206,87
1,6900,816
1,481,106
0,12,73
0,0,574
0,176,8
0,4086,14
0,257,731
0,53,208
0,562,137
0,-118,101
0,2805,173
1,565,582
0,0,676
0,1612,384
0,180,62
0,0,295
1,876,241
0,2137,132
0,260,175
0,-53,648
0,944,251
0,2394,184
0,297,119
1,2144,417
1,969,95
0,0,125
0,37,207
0,410,162
0,1211,176
1,71,107
0,436,28
0,559,1231
0,1170,200
0,1325,150
0,0,108
1,647,124
0,2142,309
0,177,742
0,236,200
0,96,151
1,0,147
0,250,193
1,126,112
0,1621,108
1,8,107
0,189,106
1,316,463
1,-282,131
0,-308,140
0,-393,435
1,358,302
1,917,306
0,-163,502
1,473,72
0,4831,265
0,1063,413
0,0,756
0,424,241
0,430,137
0,3940,48
0,2880,283
0,0,129
0,3939,209
0,753,31
0,358,88
0,1141,22
0,1259,234
0,227,23
0,92,221
0,8023,196
1,2478,395
1,6844,126
0,440,13
0,800,170
1,914,20
1,638,358
0,159,159
0,483,225
0,94,493
0,1044,585
1,0,13
1,33,161
0,506,122
0,1881,456
1,344,26
0,0,51
0,3,37
0,36,104
0,969,721
1,760,9
1,220,68
1,10907,74
1,-148,146
0,415,777
0,1341,339
0,865,78
0,210,201
1,1275,18
0,579,83
1,2934,233
0,6637,174
0,271,89
0,0,145
0,472,1017
0,487,548
1,699,213
0,150,210
1,1130,224
1,584,541
1,133,171
1,868,387
0,480,830
0,1883,57
0,606,97
0,603,474
1,548,115
0,-872,153
0,1689,645
0,902,210
0,260,52
0,589,223
0,626,126
0,0,1473
1,3792,279
1,14058,293
1,-522,670
1,386,359
0,1978,404
0,459,317
0,2812,830
0,5057,37
0,-759,191
1,-416,767
0,2106,168
0,426,225
0,4717,256
0,395,219
0,-206,177
0,4039,106
1,-242,1173
0,582,58
1,1424,201
0,92,688
1,2085,501
1,197,260
1,2305,139
0,-547,214
1,411,142
0,584,154
0,997,81
0,6563,136
1,0,99
1,0,9
0,398,278
0,1145,82
1,2,100
1,201,171
0,563,84
0,3161,433
0,0,624
0,1331,698
0,2929,518
0,-220,123
1,5980,317
1,48,8
1,0,118
0,3382,294
0,2308,815
0,10,857
0,162,174
1,1073,1130
1,1700,13
1,148,198
0,0,503
0,185,249
0,199,116
0,99,15
0,378,427
0,15,921
0,147,41
0,2225,73
1,1810,65
0,-6,94
0,335,411
0,641,472
0,0,115
0,722,141
0,3337,24
0,1504,66
0,35,318
0,895,622
0,752,104
1,1925,76
0,-246,149
1,901,601
1,894,509
1,592,174
1,3529,57
0,0,187
0,0,493
0,371,18
1,1,257
1,834,196
0,298,144
0,306,285
0,143,627
0,186,136
0,5597,27
1,1547,88
0,1852,362
1,1790,214
1,20,404
0,8652,103
1,1626,356
0,749,219
0,51,984
1,-1,60
0,-32,145
1,333,129
0,-27,77
0,932,226
0,-626,205
1,9,484
0,3608,231
0,293,102
1,36,240
0,263,350
1,8366,458
1,2186,366
1,20453,115
1,105,260
0,440,327
0,519,434
0,19447,166
0,225,171
0,2548,577
0,2284,1088
0,40,79
1,174,259
0,10888,163
0,0,159
0,225,54
1,-20,574
1,36,70
0,2642,310
0,400,223
1,1214,39
1,-292,181
0,1415,151
0,213,270
1,2540,110
1,3232,94
0,296,90
0,42,115
0,697,220
1,13156,291
0,150,151
0,0,812
1,4210,119
0,16063,352
0,5431,383
1,317,21
1,4787,266
0,225,866
0,-10,291
0,-617,115
0,1172,153
0,0,197
1,609,112
1,4,30
0,3653,252
0,436,118
0,4795,57
0,266,102
0,3357,239
0,101,187
0,10910,66
0,1568,206
1,0,239
0,305,7
0,31,260
0,452,347
0,5,697
0,39,549
0,267,1151
0,4945,445
0,463,213
1,2116,409
0,131,147
0,107,85
0,-35,339
0,230,96
1,2679,195
0,493,622
1,256,101
0,-133,96
1,811,563
0,302,670
0,3529,190
1,75,351
0,999,215
1,7845,59
1,2048,310
0,1557,213
0,505,371
0,1536,54
0,0,118
0,439,212
0,44,81
0,295,157
0,190,194
0,3935,129
0,-17,474
1,175,219
1,4888,475
1,40,359
0,4460,168
1,330,197
0,13117,42
0,12877,118
0,1506,299
1,0,198
1,775,361
0,258,217
1,246,25
1,2146,1516
0,304,129
1,360,592
0,3316,331
0,6880,353
0,2189,256
0,5304,340
1,102,101
0,181,599
0,3953,610
1,6969,412
1,572,314
1,223,508
0,-396,127
0,2678,151
1,920,58
1,623,297
0,967,180
0,1,59
1,1166,207
0,3534,216
0,200,322
0,4790,137
0,-237,73
0,1335,371
0,603,298
1,577,101
0,0,110
1,163,107
0,1158,743
0,642,644
0,466,169
0,119,380
0,3436,663
0,238,238
0,378,514
1,315,130
0,6945,131
0,3496,111
1,0,169
1,309,346
1,0,205
1,668,576
0,1175,1476
1,363,171
1,38,185
0,1183,676
0,4196,193
0,297,63
0,-91,43
0,362,816
1,1080,951
1,620,1234
0,288,306
0,642,509
0,2506,210
0,668,1263
0,1100,660
0,322,356
0,1205,45
1,473,624
0,-333,329
0,-3313,153
0,295,151
0,1137,129
1,1136,345
